Bank Code,Sort Code,Bank,Branch, Sort Code Component (Bank), Sort Code Component (Clearing Zone), Sort Code Component (Branch)
010100,010101,Bank of Ghana,ACCRA,01,01,01
010100,010303,Bank of Ghana,AGONA SWEDRU,01,03,03
010100,010401,Bank of Ghana,TAKORADI,01,04,01
010100,010402,Bank of Ghana,SEFWI BOAKO,01,04,02
010100,010601,Bank of Ghana,KUMASI,01,06,01
010100,010701,Bank of Ghana,SUNYANI,01,07,01
010100,010801,Bank of Ghana,TAMALE,01,08,01
010100,011101,Bank of Ghana,HOHOE,01,11,01
020100,020101,Standard Chartered Bank,HIGH STREET,02,01,01
020100,020103,Standard Chartered Bank,KORLE DUDOR,02,01,03
020100,020104,Standard Chartered Bank,LIBERIA ROAD,02,01,04
020100,020105,Standard Chartered Bank,OPEIBEA HOUSE,02,01,05
020100,020106,Standard Chartered Bank,TEMA,02,01,06
020100,020107,Standard Chartered Bank,TUDU,02,01,07
020100,020108,Standard Chartered Bank,LEGON,02,01,08
020100,020112,Standard Chartered Bank,OSU,02,01,12
020100,020114,Standard Chartered Bank,RING ROAD CENTRAL,02,01,14
020100,020118,Standard Chartered Bank,SPINTEX,02,01,18
020100,020121,Standard Chartered Bank,DANSOMAN,02,01,21
020100,020126,Standard Chartered Bank,ABEKA,02,01,26
020100,020127,Standard Chartered Bank,ACHIMOTA,02,01,27
020100,020128,Standard Chartered Bank,MADINA,02,01,28
020100,020422,Standard Chartered Bank,TAKORADI HARBOUR,02,04,22
020100,020424,Standard Chartered Bank,TARKWA,02,04,24
020100,020613,Standard Chartered Bank,KEJETIA,02,06,13
020100,020615,Standard Chartered Bank,HARPER ROAD,02,06,15
020100,020617,Standard Chartered Bank,OBUASI,02,06,17
020100,020720,Standard Chartered Bank,TECHIMAN,02,07,20
020100,020823,Standard Chartered Bank,TAMALE,02,08,23
030100,030101,Barclays Bank,KASOA,03,01,01
030100,030104,Barclays Bank,A AND C MALL,03,01,04
030100,030105,Barclays Bank,ACCRA MALL,03,01,05
030100,030106,Barclays Bank,ABEKA LAPAZ,03,01,06
030100,030107,Barclays Bank,DANSOMAN,03,01,07
030100,030108,Barclays Bank,GNPC,03,01,08
030100,030109,Barclays Bank,NIMA,03,01,09
030100,030110,Barclays Bank,LEGON,03,01,10
030100,030111,Barclays Bank,ACHIMOTA,03,01,11
030100,030112,Barclays Bank,OSU,03,01,12
030100,030114,Barclays Bank,RING ROAD CENTRAL,03,01,14
030100,030116,Barclays Bank,BCM,03,01,16
030100,030117,Barclays Bank,MOTORWAY EXT,03,01,17
030100,030121,Barclays Bank,SPINTEX MAIN,03,01,21
030100,030122,Barclays Bank,KNUTSFORD AVENUE,03,01,22
030100,030125,Barclays Bank,LEGON MAIN,03,01,25
030100,030130,Barclays Bank,TEMA FISHING HARBOUR,03,01,30
030100,030135,Barclays Bank,MAKOLA SQUARE,03,01,35
030100,030136,Barclays Bank,AIRPORT CITY,03,01,36
030100,030141,Barclays Bank,CIRCLE,03,01,41
030100,030144,Barclays Bank,ACCRA CORPORATE SERVICE CENTRE,03,01,44
030100,030145,Barclays Bank,SPINTEX PRESTIGE,03,01,45
030100,030148,Barclays Bank,HIGH STREET,03,01,48
030100,030149,Barclays Bank,DIRECT SALES,03,01,49
030100,030154,Barclays Bank,AVENUE CENTRAL,03,01,54
030100,030155,Barclays Bank,UNDP,03,01,55
030100,030160,Barclays Bank,TEMA MAIN,03,01,60
030100,030161,Barclays Bank,SME CENTRE,03,01,61
030100,030162,Barclays Bank,AGBOBLOSHIE,03,01,62
030100,030163,Barclays Bank,MADINA,03,01,63
030100,030164,Barclays Bank,HEAD OFFICE,03,01,64
030100,030165,Barclays Bank,WINNEBA,03,01,65
030100,030168,Barclays Bank,TESHIE NUNGUA,03,01,68
030100,030169,Barclays Bank,ACCRA NEWTOWN,03,01,69
030100,030170,Barclays Bank,DOME,03,01,70
030100,030173,Barclays Bank,DARKUMAN,03,01,73
030100,030175,Barclays Bank,INDEPENDENCE AVENUE,03,01,75
030100,030179,Barclays Bank,WEIJA,03,01,79
030100,030184,Barclays Bank,ASHAIMAN,03,01,84
030100,030185,Barclays Bank,HAATSO,03,01,85
030100,030186,Barclays Bank,SOMANYA,03,01,86
030100,030187,Barclays Bank,KANESHIE,03,01,87
030100,030189,Barclays Bank,TEMA OIL REFINERY,03,01,89
030100,030190,Barclays Bank,NORTH KANESHIE,03,01,90
030100,030191,Barclays Bank,MAAMOBI,03,01,91
030100,030192,Barclays Bank,OFFSHORE BANKING,03,01,92
030100,030193,Barclays Bank,MATAHEKO,03,01,93
030100,030194,Barclays Bank,ADENTA,03,01,94
030100,030195,Barclays Bank,ABOSSEY OKAI,03,01,95
030100,030196,Barclays Bank,KOTOBABI,03,01,96
030100,030197,Barclays Bank,PALM WINE JUNCTION,03,01,97
030100,030242,Barclays Bank,KOFORIDUA,03,02,42
030100,030243,Barclays Bank,NKAWKAW,03,02,43
030100,030246,Barclays Bank,ODA,03,02,46
030100,030247,Barclays Bank,NSAWAM,03,02,47
030100,030337,Barclays Bank,CAPE COAST,03,03,37
030100,030367,Barclays Bank,MANKESSIM,03,03,67
030100,030399,Barclays Bank,TWIFO PRASO,03,03,99
030100,030431,Barclays Bank,HIGH STREET-TAKORADI,03,04,31
030100,030432,Barclays Bank,LIBERATION ROAD-TAKORADI,03,04,32
030100,030434,Barclays Bank,TARKWA,03,04,34
030100,030451,Barclays Bank,TARKWA MINES,03,04,51
030100,030452,Barclays Bank,ASANKRAGUA,03,04,52
030100,030456,Barclays Bank,TAKORADI KOKOMPE,03,04,56
030100,030498,Barclays Bank,ELUBO,03,04,98
030100,030539,Barclays Bank,HO,03,05,39
030100,030540,Barclays Bank,HOHOE,03,05,40
030100,030572,Barclays Bank,AFLAO,03,05,72
030100,030623,Barclays Bank,ASAFO,03,06,23
030100,030627,Barclays Bank,PREMPEH II STREET,03,06,27
030100,030628,Barclays Bank,KEJETIA- KUMASI,03,06,28
030100,030638,Barclays Bank,OBUASI,03,06,38
030100,030653,Barclays Bank,NEW SUAME MAGAZINE,03,06,53
030100,030657,Barclays Bank,OLD SUAME MAGAZINE,03,06,57
030100,030658,Barclays Bank,AGOGO,03,06,58
030100,030666,Barclays Bank,ADUM,03,06,66
030100,030674,Barclays Bank,BANTAMA,03,06,74
030100,030676,Barclays Bank,SEFWI-WIASO,03,06,76
030100,030677,Barclays Bank,KONONGO,03,06,77
030100,030680,Barclays Bank,KROFOM,03,06,80
030100,030681,Barclays Bank,TANOSO,03,06,81
030100,030683,Barclays Bank,AHODWO,03,06,83
030100,030718,Barclays Bank,TECHIMAN,03,07,18
030100,030723,Barclays Bank,BEREKUM,03,07,23
030100,030750,Barclays Bank,SUNYANI,03,07,50
030100,030759,Barclays Bank,GOASO,03,07,59
030100,030771,Barclays Bank,TEPA,03,07,71
030100,030778,Barclays Bank,ATEBUBU,03,07,78
030100,030833,Barclays Bank,TAMALE,03,08,33
030100,030871,Barclays Bank,GUMANI,03,08,71
030100,030919,Barclays Bank,BOLGATANGA,03,09,19
030100,030926,Barclays Bank,BAWKU,03,09,26
030100,031088,Barclays Bank,WA,03,10,88
040100,040101,Ghana Commercial Bank,HIGH STREET,04,01,01
040100,040102,Ghana Commercial Bank,BURMA CAMP,04,01,02
040100,040103,Ghana Commercial Bank,LEGON,04,01,03
040100,040105,Ghana Commercial Bank,MINISTRIES,04,01,05
040100,040106,Ghana Commercial Bank,REPUBLIC HOUSE,04,01,06
040100,040107,Ghana Commercial Bank,TEMA MAIN,04,01,07
040100,040108,Ghana Commercial Bank,TEMA MARKET,04,01,08
040100,040109,Ghana Commercial Bank,TEMA INDUSTRIAL AREA,04,01,09
040100,040110,Ghana Commercial Bank,TEMA FISHING HARBOUR,04,01,10
040100,040111,Ghana Commercial Bank,RING ROAD WEST,04,01,11
040100,040112,Ghana Commercial Bank,KANESHIE MARKET,04,01,12
040100,040113,Ghana Commercial Bank,KORLEBU,04,01,13
040100,040114,Ghana Commercial Bank,OSU,04,01,14
040100,040115,Ghana Commercial Bank,DERBY AVENUE,04,01,15
040100,040116,Ghana Commercial Bank,BOUNDARY ROAD,04,01,16
040100,040117,Ghana Commercial Bank,LIBERTY HOUSE,04,01,17
040100,040118,Ghana Commercial Bank,ACCRA NEW TOWN,04,01,18
040100,040119,Ghana Commercial Bank,TRADE FAIR SITE,04,01,19
040100,040120,Ghana Commercial Bank,KANESHIE INDUSTRIAL AREA,04,01,20
040100,040121,Ghana Commercial Bank,ASHAIMAN,04,01,21
040100,040123,Ghana Commercial Bank,MADINA,04,01,23
040100,040125,Ghana Commercial Bank,CLEARING,04,01,25
040100,040126,Ghana Commercial Bank,TETTEH QUARSHIE CIRCLE,04,01,26
040100,040127,Ghana Commercial Bank,KWAME NKRUMAH CIRCLE,04,01,27
040100,040128,Ghana Commercial Bank,INTERNATIONAL TRADE FINANCE,04,01,28
040100,040129,Ghana Commercial Bank,GLOBAL TRANSFER SERVICES,04,01,29
040100,040130,Ghana Commercial Bank,TANTRA HILL,04,01,30
040100,040131,Ghana Commercial Bank,SOMANYA,04,01,31
040100,040132,Ghana Commercial Bank,AKROPONGAKWAPIM,04,01,32
040100,040133,Ghana Commercial Bank,MAMPONGAKWAPIM,04,01,33
040100,040134,Ghana Commercial Bank,NSAWAM,04,01,34
040100,040135,Ghana Commercial Bank,AKOSOMBO,04,01,35
040100,040136,Ghana Commercial Bank,AKUSE,04,01,36
040100,040137,Ghana Commercial Bank,ABURI,04,01,37
040100,040138,Ghana Commercial Bank,WINNEBA,04,01,38
040100,040139,Ghana Commercial Bank,AGONA SWEDRU,04,01,39
040100,040140,Ghana Commercial Bank,ADA FOAH,04,01,40
040100,040141,Ghana Commercial Bank,KETA,04,01,41
040100,040142,Ghana Commercial Bank,SOGAKOPE,04,01,42
040100,040143,Ghana Commercial Bank,KASOA,04,01,43
040100,040144,Ghana Commercial Bank,DOME (KWABENYA),04,01,44
040100,040145,Ghana Commercial Bank,ABELENKPE,04,01,45
040100,040146,Ghana Commercial Bank,SAFE BOND (JUBILEE) TEMA,04,01,46
040100,040147,Ghana Commercial Bank,KASOA MAIN,04,01,47
040100,040148,Ghana Commercial Bank,KISSEIMAN,04,01,48
040100,040149,Ghana Commercial Bank,ADENTA MARKET,04,01,49
040100,040150,Ghana Commercial Bank,SPINTEX ROAD,04,01,50
040100,040151,Ghana Commercial Bank,ACCRA NORTH CIRCLE,04,01,51
040100,040158,Ghana Commercial Bank,DANSOMAN,04,01,58
040100,040159,Ghana Commercial Bank,NIMA BRANCH,04,01,59
040100,040160,Ghana Commercial Bank,NUNGUA,04,01,60
040100,040161,Ghana Commercial Bank,ABEKA LAPAZ,04,01,61
040100,040199,Ghana Commercial Bank,HEAD OFFICE,04,01,99
040100,040201,Ghana Commercial Bank,KOFORIDUA,04,02,01
040100,040202,Ghana Commercial Bank,AKIM ODA,04,02,02
040100,040203,Ghana Commercial Bank,KADE,04,02,03
040100,040204,Ghana Commercial Bank,NEW TAFO,04,02,04
040100,040205,Ghana Commercial Bank,NKAWKAW,04,02,05
040100,040206,Ghana Commercial Bank,ASAMANKESE,04,02,06
040100,040207,Ghana Commercial Bank,ANYINAM,04,02,07
040100,040208,Ghana Commercial Bank,SUHUM,04,02,08
040100,040209,Ghana Commercial Bank,KIBI,04,02,09
040100,040210,Ghana Commercial Bank,MPRAESO,04,02,10
040100,040211,Ghana Commercial Bank,DONKORKROM,04,02,11
040100,040301,Ghana Commercial Bank,CAPE COAST MAIN,04,03,01
040100,040302,Ghana Commercial Bank,UNIVERSITY OF CAPE COAST,04,03,02
040100,040303,Ghana Commercial Bank,ASSIN FOSU,04,03,03
040100,040304,Ghana Commercial Bank,BREMAN ASIKUMA,04,03,04
040100,040305,Ghana Commercial Bank,ABURA DUNKWA,04,03,05
040100,040306,Ghana Commercial Bank,SALTPOND,04,03,06
040100,040307,Ghana Commercial Bank,MANKESSIM,04,03,07
040100,040308,Ghana Commercial Bank,TWIFO PRASO,04,03,08
040100,040315,Ghana Commercial Bank,ELMINA,04,03,15
040100,040401,Ghana Commercial Bank,TAKORADI MAIN,04,04,01
040100,040402,Ghana Commercial Bank,TAKORADI HARBOUR,04,04,02
040100,040403,Ghana Commercial Bank,TAKORADI MARKET CIRCLE,04,04,03
040100,040404,Ghana Commercial Bank,SEKONDI,04,04,04
040100,040405,Ghana Commercial Bank,TARKWA,04,04,05
040100,040406,Ghana Commercial Bank,SAMREBOI,04,04,06
040100,040407,Ghana Commercial Bank,ENCHI,04,04,07
040100,040408,Ghana Commercial Bank,AXIM,04,04,08
040100,040409,Ghana Commercial Bank,HALFASSINI,04,04,09
040100,040410,Ghana Commercial Bank,PRESTEA,04,04,10
040100,040412,Ghana Commercial Bank,BOGOSO,04,04,12
040100,040413,Ghana Commercial Bank,DADIESO,04,04,13
040100,040414,Ghana Commercial Bank,BOGOSO,04,04,14
040100,040415,Ghana Commercial Bank,ELUBO,04,04,15
040100,040501,Ghana Commercial Bank,HO,04,05,01
040100,040502,Ghana Commercial Bank,AFLAO,04,05,02
040100,040503,Ghana Commercial Bank,DZODZE,04,05,03
040100,040504,Ghana Commercial Bank,ABOR,04,05,04
040100,040517,Ghana Commercial Bank,AKATSI,04,05,17
040100,040526,Ghana Commercial Bank,HO MARKET,04,05,26
040100,040530,Ghana Commercial Bank,HO POLYTECHNIC,04,05,30
040100,040555,Ghana Commercial Bank,CENTRAL PROCESSING CENT,04,05,55
040100,040601,Ghana Commercial Bank,KUMASI MAIN,04,06,01
040100,040602,Ghana Commercial Bank,ASAFO MARKET,04,06,02
040100,040603,Ghana Commercial Bank,KNUST KUMASI,04,06,03
040100,040604,Ghana Commercial Bank,KEJETIA,04,06,04
040100,040605,Ghana Commercial Bank,KONONGO,04,06,05
040100,040606,Ghana Commercial Bank,YEJI,04,06,06
040100,040607,Ghana Commercial Bank,MAMPONGASHANTI,04,06,07
040100,040608,Ghana Commercial Bank,SEFWI WIAWSO,04,06,08
040100,040609,Ghana Commercial Bank,BEKWAI,04,06,09
040100,040610,Ghana Commercial Bank,EFFIDUASEASHANTI,04,06,10
040100,040611,Ghana Commercial Bank,OBUASI,04,06,11
040100,040612,Ghana Commercial Bank,EJISU,04,06,12
040100,040613,Ghana Commercial Bank,NEW OFFINSO,04,06,13
040100,040614,Ghana Commercial Bank,EJURA,04,06,14
040100,040615,Ghana Commercial Bank,TEPA,04,06,15
040100,040616,Ghana Commercial Bank,AKUMADAN,04,06,16
040100,040617,Ghana Commercial Bank,JUASO,04,06,17
040100,040618,Ghana Commercial Bank,NEW EDUBIASE,04,06,18
040100,040619,Ghana Commercial Bank,AHINSANKUMASI,04,06,19
040100,040620,Ghana Commercial Bank,AGONAASHANTI,04,06,20
040100,040621,Ghana Commercial Bank,JUBILEE HOUSE,04,06,21
040100,040622,Ghana Commercial Bank,AGOGO,04,06,22
040100,040623,Ghana Commercial Bank,NKAWIE,04,06,23
040100,040624,Ghana Commercial Bank,DUNKWA-ON-OFFIN,04,06,24
040100,040625,Ghana Commercial Bank,HARPER ROAD-KUMASI,04,06,25
040100,040627,Ghana Commercial Bank,BANTAMA,04,06,27
040100,040628,Ghana Commercial Bank,TECH JUNCTION-KUMASI,04,06,28
040100,040701,Ghana Commercial Bank,SUNYANI,04,07,01
040100,040702,Ghana Commercial Bank,BECHEM,04,07,02
040100,040703,Ghana Commercial Bank,BEREKUM,04,07,03
040100,040704,Ghana Commercial Bank,DORMAA AHENKRO,04,07,04
040100,040705,Ghana Commercial Bank,DUAYAWNKWANTA,04,07,05
040100,040706,Ghana Commercial Bank,HWIDIEM,04,07,06
040100,040707,Ghana Commercial Bank,GOASO,04,07,07
040100,040709,Ghana Commercial Bank,MIM,04,07,09
040100,040710,Ghana Commercial Bank,JAPEKROM,04,07,10
040100,040711,Ghana Commercial Bank,WENCHI,04,07,11
040100,040712,Ghana Commercial Bank,KINTAMPO,04,07,12
040100,040713,Ghana Commercial Bank,NKORANZA,04,07,13
040100,040715,Ghana Commercial Bank,TECHIMAN,04,07,15
040100,040717,Ghana Commercial Bank,SANKORE,04,07,17
040100,040723,Ghana Commercial Bank,SAMPA,04,07,23
040100,040724,Ghana Commercial Bank,TECHIMAN MARKET,04,07,24
040100,040725,Ghana Commercial Bank,SUNYANI MARKET,04,07,25
040100,040801,Ghana Commercial Bank,TAMALE MAIN,04,08,01
040100,040802,Ghana Commercial Bank,YENDI,04,08,02
040100,040803,Ghana Commercial Bank,DAMONGO,04,08,03
040100,040804,Ghana Commercial Bank,SALAGA,04,08,04
040100,040805,Ghana Commercial Bank,TAMALE MARKET,04,08,05
040100,040806,Ghana Commercial Bank,BIMBILA,04,08,06
040100,040809,Ghana Commercial Bank,TAMALE HOSPITAL ROAD,04,08,09
040100,040901,Ghana Commercial Bank,BOLGATANGA,04,09,01
040100,040902,Ghana Commercial Bank,NAVRONGO,04,09,02
040100,040903,Ghana Commercial Bank,BAWKU,04,09,03
040100,040906,Ghana Commercial Bank,WALEWALE,04,09,06
040100,041001,Ghana Commercial Bank,WA,04,10,01
040100,041002,Ghana Commercial Bank,TUMU,04,10,02
040100,041003,Ghana Commercial Bank,LAWRA,04,10,03
040100,041004,Ghana Commercial Bank,BOLE,04,10,04
040100,041101,Ghana Commercial Bank,HOHOE,04,11,01
040100,041102,Ghana Commercial Bank,JASIKAN,04,11,02
040100,041103,Ghana Commercial Bank,KADJEBI,04,11,03
040100,041104,Ghana Commercial Bank,KPANDO,04,11,04
040100,041105,Ghana Commercial Bank,PEKI,04,11,05
040100,041106,Ghana Commercial Bank,NKWANTA,04,11,06
040100,041107,Ghana Commercial Bank,KETEKRACHI,04,11,07
040100,041108,Ghana Commercial Bank,DAMBAI,04,11,08
050100,050101,National Investment Bank,ACCRA MAIN,05,01,01
050100,050109,National Investment Bank,TEMA MAIN,05,01,09
050100,050111,National Investment Bank,OSU,05,01,11
050100,050112,National Investment Bank,FOREIGN,05,01,12
050100,050113,National Investment Bank,TEMA HABOUR AREA(AFKO),05,01,13
050100,050116,National Investment Bank,LOTTERIES,05,01,16
050100,050117,National Investment Bank,ABEKA,05,01,17
050100,050120,National Investment Bank,CLEARING UNIT,05,01,20
050100,050122,National Investment Bank,ADENTA,05,01,22
050100,050123,National Investment Bank,SPINTEX,05,01,23
050100,050124,National Investment Bank,WINNEBA ROAD,05,01,24
050100,050128,National Investment Bank,NORTH INDUSTRIAL AREA,05,01,28
050100,050131,National Investment Bank,HEAD OFFICE,05,01,31
050100,050132,National Investment Bank,DANSOMAN,05,01,32
050100,050150,National Investment Bank,HEAD OFFICE,05,01,50
050100,050151,National Investment Bank,ACCRA,05,01,51
050100,050159,National Investment Bank,TEMA,05,01,59
050100,050204,National Investment Bank,KOFORIDUA,05,02,04
050100,050218,National Investment Bank,AKIM ODA,05,02,18
050100,050252,National Investment Bank,KOFORIDUA,05,02,52
050100,050310,National Investment Bank,CAPE COAST,05,03,10
050100,050327,National Investment Bank,DUNKWA ON-OFFIN,05,03,27
050100,050407,National Investment Bank,TAKORADI,05,04,07
050100,050454,National Investment Bank,TAKORADI,05,04,54
050100,050503,National Investment Bank,HO,05,05,03
050100,050605,National Investment Bank,KUMASI,05,06,05
050100,050619,National Investment Bank,KUMASI CENTRAL,05,06,19
050100,050621,National Investment Bank,OBUASI,05,06,21
050100,050655,National Investment Bank,KUMASI SUAME,05,06,55
050100,050658,National Investment Bank,KUMASI AMAKOM,05,06,58
050100,050706,National Investment Bank,SUNYANI,05,07,06
050100,050715,National Investment Bank,TECHIMAN,05,07,15
050100,050725,National Investment Bank,WENCHI,05,07,25
050100,050726,National Investment Bank,KINTAMPO,05,07,26
050100,050730,National Investment Bank,NTOROSO,05,07,30
050100,050756,National Investment Bank,SUNYANI,05,07,56
050100,050808,National Investment Bank,TAMALE,05,08,08
050100,050857,National Investment Bank,TAKORADI,05,08,57
050100,050902,National Investment Bank,BOLGATANGA,05,09,02
050100,051014,National Investment Bank,WA,05,10,14
050100,051153,National Investment Bank,HOHOE,05,11,53
060100,060101,United Bank for Africa,HEAD OFFICE-RIDGE,06,01,01
060100,060102,United Bank for Africa,ACCRA CENTRAL,06,01,02
060100,060103,United Bank for Africa,TEMA,06,01,03
060100,060104,United Bank for Africa,ABOSSEYOKAI,06,01,04
060100,060107,United Bank for Africa,RING ROAD,06,01,07
060100,060110,United Bank for Africa,MADINA,06,01,10
060100,060113,United Bank for Africa,TESHIE,06,01,13
060100,060114,United Bank for Africa,SPINTEX ROAD,06,01,14
060100,060127,United Bank for Africa,UBA NORTH INDUSTRIAL AREA BUSINESS OFFICE,06,01,27
060100,060402,United Bank for Africa,TAKORADI,06,04,02
060100,060601,United Bank for Africa,KUMASI-ADUM,06,06,01
070100,070101,ARB Apex & Rural Banks,SOUTH RIDGE ACCRA,07,01,01
070100,070102,ARB Apex & Rural Banks,ACCRA,07,01,02
070100,070103,ARB Apex & Rural Banks,NYAKROM,07,01,03
070100,070104,ARB Apex & Rural Banks,ODUMASE-KROBO,07,01,04
070100,070105,ARB Apex & Rural Banks,APAM,07,01,05
070100,070106,ARB Apex & Rural Banks,ANUM,07,01,06
070100,070107,ARB Apex & Rural Banks,MAMFE,07,01,07
070100,070108,ARB Apex & Rural Banks,PRAMPRAM,07,01,08
070100,070109,ARB Apex & Rural Banks,DODOWA,07,01,09
070100,070110,ARB Apex & Rural Banks,KASSEH,07,01,10
070100,070111,ARB Apex & Rural Banks,BRAKWA,07,01,11
070100,070112,ARB Apex & Rural Banks,GOMOA-DOMINASE,07,01,12
070100,070113,ARB Apex & Rural Banks,AFRANSI,07,01,13
070100,070114,ARB Apex & Rural Banks,KWANYAKU,07,01,14
070100,070115,ARB Apex & Rural Banks,GOMOA-DAW,07,01,15
070100,070116,ARB Apex & Rural Banks,AWUMASA,07,01,16
070100,070117,ARB Apex & Rural Banks,AMASAMAN,07,01,17
070100,070118,ARB Apex & Rural Banks,ABOKOBI,07,01,18
070100,070119,ARB Apex & Rural Banks,AWUTU BAWJIASE,07,01,19
070100,070120,ARB Apex & Rural Banks,DABALE,07,01,20
070100,070121,ARB Apex & Rural Banks,MEPE,07,01,21
070100,070122,ARB Apex & Rural Banks,SENYA BREKU,07,01,22
070100,070123,ARB Apex & Rural Banks,ANLOGA,07,01,23
070100,070124,ARB Apex & Rural Banks,KASOA,07,01,24
070100,070125,ARB Apex & Rural Banks,LA,07,01,25
070100,070126,ARB Apex & Rural Banks,CEDI HOUSECED HOUSE,07,01,26
070100,070127,ARB Apex & Rural Banks,ACCRA,07,01,27
070100,070128,ARB Apex & Rural Banks,ACCRA,07,01,28
070100,070129,ARB Apex & Rural Banks,OYIBI AREA RURAL BANK LIMITED,07,01,29
070100,070130,ARB Apex & Rural Banks,MICROFIN RURAL BANK LIMITED,07,01,30
070100,070201,ARB Apex & Rural Banks,KOFORIDUA,07,02,01
070100,070202,ARB Apex & Rural Banks,AFOSU,07,02,02
070100,070203,ARB Apex & Rural Banks,KWAHU PEPEASE,07,02,03
070100,070204,ARB Apex & Rural Banks,ACHIASE,07,02,04
070100,070205,ARB Apex & Rural Banks,ASESEWA,07,02,05
070100,070206,ARB Apex & Rural Banks,KWAHU PRASO,07,02,06
070100,070207,ARB Apex & Rural Banks,KWABENG,07,02,07
070100,070208,ARB Apex & Rural Banks,OSINO,07,02,08
070100,070209,ARB Apex & Rural Banks,TEASE,07,02,09
070100,070210,ARB Apex & Rural Banks,AKIM SWEDRU,07,02,10
070100,070211,ARB Apex & Rural Banks,AMUANA PRASO,07,02,11
070100,070212,ARB Apex & Rural Banks,ASUOM,07,02,12
070100,070213,ARB Apex & Rural Banks,AYIREBI,07,02,13
070100,070214,ARB Apex & Rural Banks,NANKESE,07,02,14
070100,070215,ARB Apex & Rural Banks,ANOMA RURAL BANK LTD-KWEEHWEE,07,02,15
070100,070216,ARB Apex & Rural Banks,OFRAMASE,07,02,16
070100,070217,ARB Apex & Rural Banks,NEW TAFO,07,02,17
070100,070218,ARB Apex & Rural Banks,KOFORIDUA,07,02,18
070100,070301,ARB Apex & Rural Banks,CAPE COASTCAPE COAST,07,03,01
070100,070302,ARB Apex & Rural Banks,ENYAN DENKYIRA,07,03,02
070100,070303,ARB Apex & Rural Banks,ELMINA,07,03,03
070100,070304,ARB Apex & Rural Banks,FANTI NYANKUMASE,07,03,04
070100,070305,ARB Apex & Rural Banks,ASSIN MANSO,07,03,05
070100,070306,ARB Apex & Rural Banks,KOMENDA,07,03,06
070100,070307,ARB Apex & Rural Banks,ESSUEHYIA,07,03,07
070100,070308,ARB Apex & Rural Banks,ASSIN AKROPONG,07,03,08
070100,070309,ARB Apex & Rural Banks,TWIFO AGONA,07,03,09
070100,070310,ARB Apex & Rural Banks,BIRIWA,07,03,10
070100,070401,ARB Apex & Rural Banks,TAKORADI CENTRE-TAKORADI,07,04,01
070100,070402,ARB Apex & Rural Banks,ESIAMA,07,04,02
070100,070403,ARB Apex & Rural Banks,WASSA AKROPONG,07,04,03
070100,070404,ARB Apex & Rural Banks,AWIEBO,07,04,04
070100,070406,ARB Apex & Rural Banks,SHAMA,07,04,06
070100,070407,ARB Apex & Rural Banks,BOGOSO,07,04,07
070100,070408,ARB Apex & Rural Banks,MANSO-AMENFI,07,04,08
070100,070409,ARB Apex & Rural Banks,AGONA NKWANTA,07,04,09
070100,070410,ARB Apex & Rural Banks,WASSA AKROPONG,07,04,10
070100,070501,ARB Apex & Rural Banks,HO CENTRE-HO,07,05,01
070100,070502,ARB Apex & Rural Banks,ADIDOME,07,05,02
070100,070503,ARB Apex & Rural Banks,AKATSI,07,05,03
070100,070504,ARB Apex & Rural Banks,ZIOPE,07,05,04
070100,070505,ARB Apex & Rural Banks,KPEVE,07,05,05
070100,070506,ARB Apex & Rural Banks,HO,07,05,06
070100,070601,ARB Apex & Rural Banks,KUMASIKUMASI,07,06,01
070100,070602,ARB Apex & Rural Banks,FOASE,07,06,02
070100,070603,ARB Apex & Rural Banks,SEKYEDUMASI,07,06,03
070100,070604,ARB Apex & Rural Banks,ASOKRE,07,06,04
070100,070605,ARB Apex & Rural Banks,JUANSA,07,06,05
070100,070606,ARB Apex & Rural Banks,KWAMANG,07,06,06
070100,070607,ARB Apex & Rural Banks,FOMENA,07,06,07
070100,070608,ARB Apex & Rural Banks,KUMAWU,07,06,08
070100,070609,ARB Apex & Rural Banks,AKROFUOM,07,06,09
070100,070610,ARB Apex & Rural Banks,WIOSO,07,06,10
070100,070611,ARB Apex & Rural Banks,KUNTANASE,07,06,11
070100,070612,ARB Apex & Rural Banks,WIAMOASE,07,06,12
070100,070613,ARB Apex & Rural Banks,AYAMFURI,07,06,13
070100,070614,ARB Apex & Rural Banks,SEFWI-ASAWINSO,07,06,14
070100,070615,ARB Apex & Rural Banks,JACOBU,07,06,15
070100,070618,ARB Apex & Rural Banks,JAMASI,07,06,18
070100,070619,ARB Apex & Rural Banks,NYINAHIM,07,06,19
070100,070620,ARB Apex & Rural Banks,ANTOAKROM,07,06,20
070100,070621,ARB Apex & Rural Banks,JUABEN,07,06,21
070100,070622,ARB Apex & Rural Banks,PRANG,07,06,22
070100,070623,ARB Apex & Rural Banks,BAREKESE,07,06,23
070100,070624,ARB Apex & Rural Banks,TOASE,07,06,24
070100,070625,ARB Apex & Rural Banks,KOFIASE,07,06,25
070100,070626,ARB Apex & Rural Banks,ANKWAWSO,07,06,26
070100,070627,ARB Apex & Rural Banks,TORYA RURAL BANK LTD-BONSU-NKWANTA,07,06,27
070100,070628,ARB Apex & Rural Banks,KASEI,07,06,28
070100,070629,ARB Apex & Rural Banks,NSUTA,07,06,29
070100,070630,ARB Apex & Rural Banks,SEFWI-ASAW,07,06,30
070100,070631,ARB Apex & Rural Banks,KUMASI,07,06,31
070100,070632,ARB Apex & Rural Banks,KUMASI,07,06,32
070100,070633,ARB Apex & Rural Banks,KUMASI,07,06,33
070100,070635,ARB Apex & Rural Banks,YAA ASANTEWAA RURAL BANK LTD,07,06,35
070100,070636,ARB Apex & Rural Banks,TEPAMAN,07,06,36
070100,070701,ARB Apex & Rural Banks,SUNYANI CENTRE-SUNYANI,07,07,01
070100,070702,ARB Apex & Rural Banks,KINTAMPO,07,07,02
070100,070703,ARB Apex & Rural Banks,WAMFIE,07,07,03
070100,070704,ARB Apex & Rural Banks,SUMA AHENKRO,07,07,04
070100,070706,ARB Apex & Rural Banks,ACERENSUA,07,07,06
070100,070707,ARB Apex & Rural Banks,AKUMA,07,07,07
070100,070708,ARB Apex & Rural Banks,BUSUNYA,07,07,08
070100,070709,ARB Apex & Rural Banks,BOMAA,07,07,09
070100,070710,ARB Apex & Rural Banks,BADU,07,07,10
070100,070711,ARB Apex & Rural Banks,NSOATRE,07,07,11
070100,070712,ARB Apex & Rural Banks,DERMA,07,07,12
070100,070714,ARB Apex & Rural Banks,SEIKWA,07,07,14
070100,070715,ARB Apex & Rural Banks,KAASE,07,07,15
070100,070716,ARB Apex & Rural Banks,KUKUOM,07,07,16
070100,070717,ARB Apex & Rural Banks,DROBO,07,07,17
070100,070718,ARB Apex & Rural Banks,SAMPA,07,07,18
070100,070719,ARB Apex & Rural Banks,ABESIM,07,07,19
070100,070720,ARB Apex & Rural Banks,SUNYANI,07,07,20
070100,070721,ARB Apex & Rural Banks,SUNYANI,07,07,21
070100,070722,ARB Apex & Rural Banks,WENCHI RURAL BANK LTD,07,07,22
070100,070723,ARB Apex & Rural Banks,BOMOSADU RURAL BANK LTD,07,07,23
070100,070801,ARB Apex & Rural Banks,TAMALE CENTRE-TAMALE,07,08,01
070100,070802,ARB Apex & Rural Banks,KUMBUNGU,07,08,02
070100,070803,ARB Apex & Rural Banks,SAVELEGU,07,08,03
070100,070804,ARB Apex & Rural Banks,TAMALE,07,08,04
070100,070805,ARB Apex & Rural Banks,TAMALE,07,08,05
070100,070806,ARB Apex & Rural Banks,ZABZUGU RURAL BANK LTD,07,08,06
070100,070901,ARB Apex & Rural Banks,BOLGA CENTRE-BOLGATANGA,07,09,01
070100,070902,ARB Apex & Rural Banks,PAGA,07,09,02
070100,070903,ARB Apex & Rural Banks,GARU,07,09,03
070100,070904,ARB Apex & Rural Banks,WALEWALE,07,09,04
070100,070905,ARB Apex & Rural Banks,GAMBAGA,07,09,05
070100,070906,ARB Apex & Rural Banks,SANDEMA,07,09,06
070100,070907,ARB Apex & Rural Banks,ZIBILLA,07,09,07
070100,070908,ARB Apex & Rural Banks,BOLGATANGA,07,09,08
070100,071001,ARB Apex & Rural Banks,WA CENTRE-WA,07,10,01
070100,071002,ARB Apex & Rural Banks,NANDOM,07,10,02
070100,071003,ARB Apex & Rural Banks,JIRAPA,07,10,03
070100,071004,ARB Apex & Rural Banks,TUMA,07,10,04
070100,071005,ARB Apex & Rural Banks,WA,07,10,05
070100,071101,ARB Apex & Rural Banks,HOHOE CENTRE-HOHOE,07,11,01
070100,071102,ARB Apex & Rural Banks,GUAMAN,07,11,02
070100,071103,ARB Apex & Rural Banks,WORAWORA,07,11,03
070100,071104,ARB Apex & Rural Banks,HOHOE,07,11,04
070100,071105,ARB Apex & Rural Banks,HOHOE,07,11,05
080100,080100,Agric. Development Bank,HEAD OFFICE,08,01,00
080100,080101,Agric. Development Bank,RING ROAD CENTRAL,08,01,01
080100,080102,Agric. Development Bank,ADABRAKA,08,01,02
080100,080103,Agric. Development Bank,TEMA,08,01,03
080100,080104,Agric. Development Bank,TESHIE,08,01,04
080100,080105,Agric. Development Bank,KANESSHIE,08,01,05
080100,080106,Agric. Development Bank,CEDI HOUSE,08,01,06
080100,080107,Agric. Development Bank,INTERNATIONAL BANKING,08,01,07
080100,080108,Agric. Development Bank,GULF HOUSE,08,01,08
080100,080109,Agric. Development Bank,DANSOMAN,08,01,09
080100,080110,Agric. Development Bank,NUNGUA,08,01,10
080100,080111,Agric. Development Bank,KORKORDZOR,08,01,11
080100,080112,Agric. Development Bank,OSU,08,01,12
080100,080113,Agric. Development Bank,MADINA,08,01,13
080100,080114,Agric. Development Bank,ABEKALAPAZ,08,01,14
080100,080115,Agric. Development Bank,AGONA SWEDRU,08,01,15
080100,080116,Agric. Development Bank,ADB HOUSE BRANCH,08,01,16
080100,080117,Agric. Development Bank,ACHIMOTA,08,01,17
080100,080118,Agric. Development Bank,SPINTEX ROAD,08,01,18
080100,080119,Agric. Development Bank,MAKOLA,08,01,19
080100,080120,Agric. Development Bank,ACCRA NEW TOWN,08,01,20
080100,080124,Agric. Development Bank,ASHIAMAN,08,01,24
080100,080125,Agric. Development Bank,DANQUAH CIRCLE,08,01,25
080100,080126,Agric. Development Bank,NIMA,08,01,26
080100,080127,Agric. Development Bank,KASOA,08,01,27
080100,080128,Agric. Development Bank,WINNEBA,08,01,28
080100,080221,Agric. Development Bank,KOFORIDUA,08,02,21
080100,080222,Agric. Development Bank,SUHUM,08,02,22
080100,080223,Agric. Development Bank,NKAWKAW,08,02,23
080100,080229,Agric. Development Bank,ASIAKWA,08,02,29
080100,080230,Agric. Development Bank,KADE,08,02,30
080100,080331,Agric. Development Bank,CAPE COAST,08,03,31
080100,080332,Agric. Development Bank,ASSIN FOSO,08,03,32
080100,080333,Agric. Development Bank,UCC,08,03,33
080100,080334,Agric. Development Bank,MANKESSIM,08,03,34
080100,080441,Agric. Development Bank,TAKORADI,08,04,41
080100,080444,Agric. Development Bank,ENCHI,08,04,44
080100,080445,Agric. Development Bank,TAKORADI HARBOUR,08,04,45
080100,080446,Agric. Development Bank,AGONA NKWANTA,08,04,46
080100,080447,Agric. Development Bank,GREL,08,04,47
080100,080552,Agric. Development Bank,HO,08,05,52
080100,080553,Agric. Development Bank,KPANDO,08,05,53
080100,080554,Agric. Development Bank,NKWANTA,08,05,54
080100,080555,Agric. Development Bank,DENU,08,05,55
080100,080556,Agric. Development Bank,JUAPONG,08,05,56
080100,080557,Agric. Development Bank,SOGAKOPE,08,05,57
080100,080558,Agric. Development Bank,KPEVE,08,05,58
080100,080661,Agric. Development Bank,KUMASI ADUM,08,06,61
080100,080662,Agric. Development Bank,BKWAI,08,06,62
080100,080663,Agric. Development Bank,NEW EDUBIASE,08,06,63
080100,080664,Agric. Development Bank,OBUASI,08,06,64
080100,080665,Agric. Development Bank,KUMASI CENTRAL MARKET,08,06,65
080100,080666,Agric. Development Bank,KUMASI ASOKWA,08,06,66
080100,080668,Agric. Development Bank,AMAKOM,08,06,68
080100,080684,Agric. Development Bank,SEFWI WIAWSO,08,06,84
080100,080685,Agric. Development Bank,ATEBUBU,08,06,85
080100,080686,Agric. Development Bank,BONSO NKWANTA,08,06,86
080100,080687,Agric. Development Bank,SEFWI ESSAM,08,06,87
080100,080771,Agric. Development Bank,SUNYANI,08,07,71
080100,080772,Agric. Development Bank,DORMAA AHENKRO,08,07,72
080100,080774,Agric. Development Bank,BEREKUM,08,07,74
080100,080775,Agric. Development Bank,NKORANSAH,08,07,75
080100,080776,Agric. Development Bank,TECHIMAN,08,07,76
080100,080777,Agric. Development Bank,GOASO,08,07,77
080100,080778,Agric. Development Bank,KWAPONG,08,07,78
080100,080779,Agric. Development Bank,KENYASE,08,07,79
080100,080881,Agric. Development Bank,TAMALE,08,08,81
080100,080882,Agric. Development Bank,TAMALE ABOABO,08,08,82
080100,080883,Agric. Development Bank,YENDI,08,08,83
080100,080888,Agric. Development Bank,BOLE,08,08,88
080100,080889,Agric. Development Bank,KALADAN,08,08,89
080100,080890,Agric. Development Bank,BUIPE,08,08,90
080100,080891,Agric. Development Bank,SAVELUGU,08,08,91
080100,080991,Agric. Development Bank,BOLGATANGA,08,09,91
080100,080992,Agric. Development Bank,BAWKU,08,09,92
080100,080993,Agric. Development Bank,NAVRONGO,08,09,93
080100,080994,Agric. Development Bank,TUMU,08,09,94
080100,080995,Agric. Development Bank,WA,08,09,95
080100,080996,Agric. Development Bank,WALEWALE,08,09,96
080100,081095,Agric. Development Bank,WA,08,10,95
080100,081151,Agric. Development Bank,HOHOE,08,11,51
090100,090101,Societe Generale Ghana Ltd,ACCRA MAIN,09,01,01
090100,090102,Societe Generale Ghana Ltd,NORTH INDUSTRIAL AREA,09,01,02
090100,090103,Societe Generale Ghana Ltd,TUDU,09,01,03
090100,090104,Societe Generale Ghana Ltd,ACCRA NEW TOWN,09,01,04
090100,090105,Societe Generale Ghana Ltd,FAANOFA,09,01,05
090100,090106,Societe Generale Ghana Ltd,TEMA COMMUNITY TWO,09,01,06
090100,090107,Societe Generale Ghana Ltd,OSU,09,01,07
090100,090108,Societe Generale Ghana Ltd,OKAISHIE,09,01,08
090100,090109,Societe Generale Ghana Ltd,KANASHIE,09,01,09
090100,090110,Societe Generale Ghana Ltd,TEMA FISHING HARBOUR,09,01,10
090100,090111,Societe Generale Ghana Ltd,KOTOBABI,09,01,11
090100,090114,Societe Generale Ghana Ltd,PREMIER TOWERS,09,01,14
090100,090115,Societe Generale Ghana Ltd,HEAD OFFICE,09,01,15
090100,090117,Societe Generale Ghana Ltd,SPINTEX ROAD,09,01,17
090100,090118,Societe Generale Ghana Ltd,MADINA,09,01,18
090100,090119,Societe Generale Ghana Ltd,KASOA,09,01,19
090100,090120,Societe Generale Ghana Ltd,TEMA COMMUNITY ONE,09,01,20
090100,090201,Societe Generale Ghana Ltd,KOFORIDUA,09,02,01
090100,090202,Societe Generale Ghana Ltd,AKIM ODA,09,02,02
090100,090301,Societe Generale Ghana Ltd,CAPE COAST,09,03,01
090100,090302,Societe Generale Ghana Ltd,DUNKWA,09,03,02
090100,090401,Societe Generale Ghana Ltd,TAKORADI,09,04,01
090100,090402,Societe Generale Ghana Ltd,SEFWI BEKWAI,09,04,02
090100,090403,Societe Generale Ghana Ltd,SEFWI WIAWSO,09,04,03
090100,090404,Societe Generale Ghana Ltd,TARKWA,09,04,04
090100,090405,Societe Generale Ghana Ltd,ESSAM,09,04,05
090100,090406,Societe Generale Ghana Ltd,ASANKRAGUA,09,04,06
090100,090407,Societe Generale Ghana Ltd,AKONTOMBRA,09,04,07
090100,090408,Societe Generale Ghana Ltd,JUABESO,09,04,08
090100,090409,Societe Generale Ghana Ltd,ASEMPANEYE,09,04,09
090100,090410,Societe Generale Ghana Ltd,ADABOKROM,09,04,10
090100,090411,Societe Generale Ghana Ltd,TAKORADI MARKET CIRCLE,09,04,11
090100,090501,Societe Generale Ghana Ltd,HO,09,05,01
090100,090601,Societe Generale Ghana Ltd,ADUM,09,06,01
090100,090602,Societe Generale Ghana Ltd,KUMASI CENTRAL,09,06,02
090100,090603,Societe Generale Ghana Ltd,BIBIANI,09,06,03
090100,090604,Societe Generale Ghana Ltd,TEPA,09,06,04
090100,090605,Societe Generale Ghana Ltd,ASAFO,09,06,05
090100,090606,Societe Generale Ghana Ltd,SUAME,09,06,06
090100,090607,Societe Generale Ghana Ltd,KEJETIA,09,06,07
090100,090701,Societe Generale Ghana Ltd,SUNYANI,09,07,01
090100,090741,Societe Generale Ghana Ltd,BEREKUM,09,07,41
090100,090801,Societe Generale Ghana Ltd,TAMALE,09,08,01
090100,090901,Societe Generale Ghana Ltd,BOLGATANGA,09,09,01
090100,091001,Societe Generale Ghana Ltd,WA,09,10,01
100100,100101,Merchant Bank (GH) Ltd,ACCRA,10,01,01
100100,100102,Merchant Bank (GH) Ltd,TEMA,10,01,02
100100,100103,Merchant Bank (GH) Ltd,RIDGE,10,01,03
100100,100104,Merchant Bank (GH) Ltd,ADABRAKA,10,01,04
100100,100105,Merchant Bank (GH) Ltd,KANESHIE,10,01,05
100100,100106,Merchant Bank (GH) Ltd,ABEKA BRANCH,10,01,06
100100,100107,Merchant Bank (GH) Ltd,NORTH INDUSTRIAL,10,01,07
100100,100108,Merchant Bank (GH) Ltd,TEMA EAST,10,01,08
100100,100109,Merchant Bank (GH) Ltd,ACHIMOTA,10,01,09
100100,100110,Merchant Bank (GH) Ltd,ABOSEY OKAI,10,01,10
100100,100111,Merchant Bank (GH) Ltd,SOUTH INDUSTRIAL AREA,10,01,11
100100,100112,Merchant Bank (GH) Ltd,OSU,10,01,12
100100,100199,Merchant Bank (GH) Ltd,FIRST NATATIONAL S&L,10,01,99
100100,100204,Merchant Bank (GH) Ltd,KOFORIDUA,10,02,04
100100,100401,Merchant Bank (GH) Ltd,TAKORADI,10,04,01
100100,100402,Merchant Bank (GH) Ltd,TARKWA,10,04,02
100100,100601,Merchant Bank (GH) Ltd,KUMASI,10,06,01
100100,100602,Merchant Bank (GH) Ltd,BIBIANI,10,06,02
100100,100603,Merchant Bank (GH) Ltd,ASAFO,10,06,03
100100,100604,Merchant Bank (GH) Ltd,BANTAMA,10,06,04
100100,100605,Merchant Bank (GH) Ltd,ADUM,10,06,05
100100,100606,Merchant Bank (GH) Ltd,KONONGO,10,06,06
100100,100701,Merchant Bank (GH) Ltd,TECHIMAN,10,07,01
110100,110101,HFC Bank (GH) Ltd,EBANKESE,11,01,01
110100,110103,HFC Bank (GH) Ltd,ACCRA CENTRAL,11,01,03
110100,110104,HFC Bank (GH) Ltd,RIDGE,11,01,04
110100,110105,HFC Bank (GH) Ltd,TEMA,11,01,05
110100,110107,HFC Bank (GH) Ltd,LEGON,11,01,07
110100,110108,HFC Bank (GH) Ltd,ABOSEY OKAI,11,01,08
110100,110109,HFC Bank (GH) Ltd,TUDU,11,01,09
110100,110112,HFC Bank (GH) Ltd,AGBOGBLOSHIE,11,01,12
110100,110116,HFC Bank (GH) Ltd,BAATSONA,11,01,16
110100,110117,HFC Bank (GH) Ltd,PRIVATE BANKING,11,01,17
110100,110118,HFC Bank (GH) Ltd,ASHIAMAN,11,01,18
110100,110119,HFC Bank (GH) Ltd,POST OFFICE SQUARE,11,01,19
110100,110120,HFC Bank (GH) Ltd,ADABRAKA BRANCH,11,01,20
110100,110121,HFC Bank (GH) Ltd,DANSOMAN BRANCH,11,01,21
110100,110122,HFC Bank (GH) Ltd,ACCRA NEW TOWN,11,01,22
110100,110123,HFC Bank (GH) Ltd,MADINA,11,01,23
110100,110124,HFC Bank (GH) Ltd,ACHIMOTA,11,01,24
110100,110215,HFC Bank (GH) Ltd,KOFORIDUA,11,02,15
110100,110216,HFC Bank (GH) Ltd,ASAMANKESE,11,02,16
110100,110301,HFC Bank (GH) Ltd,KASOA BRANCH,11,03,01
110100,110302,HFC Bank (GH) Ltd,SWEDRU,11,03,02
110100,110303,HFC Bank (GH) Ltd,CAPE COAST,11,03,03
110100,110304,HFC Bank (GH) Ltd,WINNEBA,11,03,04
110100,110401,HFC Bank (GH) Ltd,TAKORADI,11,04,01
110100,110402,HFC Bank (GH) Ltd,SEFWI WIAWSO,11,04,02
110100,110403,HFC Bank (GH) Ltd,SEFWI BEKWAI,11,04,03
110100,110404,HFC Bank (GH) Ltd,JUABESO,11,04,04
110100,110405,HFC Bank (GH) Ltd,AKONTOMBRA,11,04,05
110100,110406,HFC Bank (GH) Ltd,ESSAM,11,04,06
110100,110407,HFC Bank (GH) Ltd,ASEMPANAYE,11,04,07
110100,110408,HFC Bank (GH) Ltd,ADABOKROM,11,04,08
110100,110409,HFC Bank (GH) Ltd,ASANKRAGWA,11,04,09
110100,110601,HFC Bank (GH) Ltd,KUMASI,11,06,01
110100,110603,HFC Bank (GH) Ltd,ADUM,11,06,03
110100,110604,HFC Bank (GH) Ltd,KUMASI MAGAZINE,11,06,04
110100,110605,HFC Bank (GH) Ltd,ASOKWA,11,06,05
110100,110613,HFC Bank (GH) Ltd,KNUST,11,06,13
110100,110710,HFC Bank (GH) Ltd,TECHIMAN,11,07,10
110100,110711,HFC Bank (GH) Ltd,GOASO,11,07,11
110100,110814,HFC Bank (GH) Ltd,TAMALE,11,08,14
120100,120101,Zenith Bank (GH) Ltd,PREMIER TOWERS,12,01,01
120100,120102,Zenith Bank (GH) Ltd,PATRICE LUMUMBA ROAD,12,01,02
120100,120103,Zenith Bank (GH) Ltd,TEMA,12,01,03
120100,120104,Zenith Bank (GH) Ltd,KOJO THOMPSON ROAD BRANCH,12,01,04
120100,120105,Zenith Bank (GH) Ltd,SPINTEX,12,01,05
120100,120106,Zenith Bank (GH) Ltd,GRAPHIC ROAD,12,01,06
120100,120107,Zenith Bank (GH) Ltd,NORTH INDUSTRIAL AREA,12,01,07
120100,120108,Zenith Bank (GH) Ltd,LABONE,12,01,08
120100,120109,Zenith Bank (GH) Ltd,EAST LEGON,12,01,09
120100,120110,Zenith Bank (GH) Ltd,TEMA INDUSTRIAL AREA,12,01,10
120100,120111,Zenith Bank (GH) Ltd,ACHIMOTA BRANCH,12,01,11
120100,120112,Zenith Bank (GH) Ltd,AKOSOMBO BRANCH,12,01,12
120100,120113,Zenith Bank (GH) Ltd,TEMA METRO BRANCH,12,01,13
120100,120301,Zenith Bank (GH) Ltd,CAPE COAST BRANCH,12,03,01
120100,120401,Zenith Bank (GH) Ltd,TAKORADI MAIN,12,04,01
120100,120402,Zenith Bank (GH) Ltd,TAKORADI HABOUR BRANCH,12,04,02
120100,120403,Zenith Bank (GH) Ltd,TARKWA,12,04,03
120100,120601,Zenith Bank (GH) Ltd,KUMASI MAIN,12,06,01
120100,120602,Zenith Bank (GH) Ltd,Adum,12,06,02
120100,120603,Zenith Bank (GH) Ltd,SUAME BRANCH,12,06,03
120100,120701,Zenith Bank (GH) Ltd,SUNYANI,12,07,01
120100,120801,Zenith Bank (GH) Ltd,Tamale,12,08,01
130100,130101,Ecobank (GH) Ltd,HEAD OFFICE,13,01,01
130100,130102,Ecobank (GH) Ltd,TEMA,13,01,02
130100,130103,Ecobank (GH) Ltd,RING ROAD CENTRAL,13,01,03
130100,130104,Ecobank (GH) Ltd,TUDU,13,01,04
130100,130105,Ecobank (GH) Ltd,SILVER STAR,13,01,05
130100,130106,Ecobank (GH) Ltd,OSU,13,01,06
130100,130107,Ecobank (GH) Ltd,A AND C,13,01,07
130100,130108,Ecobank (GH) Ltd,TEMA LONG ROOM,13,01,08
130100,130109,Ecobank (GH) Ltd,McCARTHY HILL,13,01,09
130100,130110,Ecobank (GH) Ltd,NIMA,13,01,10
130100,130111,Ecobank (GH) Ltd,ABEKA LAPAZ,13,01,11
130100,130112,Ecobank (GH) Ltd,DANSOMAN,13,01,12
130100,130114,Ecobank (GH) Ltd,DARKUMAN,13,01,14
130100,130115,Ecobank (GH) Ltd,LEGON,13,01,15
130100,130116,Ecobank (GH) Ltd,SOUTH INDUSTRIAL AREA(SIA),13,01,16
130100,130117,Ecobank (GH) Ltd,SPINTEX,13,01,17
130100,130118,Ecobank (GH) Ltd,ACCRA SHOPPING MALL,13,01,18
130100,130119,Ecobank (GH) Ltd,TEMA SHOPPING MALL,13,01,19
130100,130120,Ecobank (GH) Ltd,WEIJA,13,01,20
130100,130122,Ecobank (GH) Ltd,MADINA,13,01,22
130100,130123,Ecobank (GH) Ltd,HAATSOO,13,01,23
130100,130124,Ecobank (GH) Ltd,WESTLANDS,13,01,24
130100,130125,Ecobank (GH) Ltd,MOTOR WAY ROUNDABOUT,13,01,25
130100,130126,Ecobank (GH) Ltd,DOME ST. JOHNS,13,01,26
130100,130127,Ecobank (GH) Ltd,KOTOBABI,13,01,27
130100,130128,Ecobank (GH) Ltd,SAFE BOND,13,01,28
130100,130129,Ecobank (GH) Ltd,LABONE,13,01,29
130100,130130,Ecobank (GH) Ltd,BURMA CAMP,13,01,30
130100,130131,Ecobank (GH) Ltd,REINSURANCE HOUSE BRANCH,13,01,31
130100,130132,Ecobank (GH) Ltd,TRUST TOWERS BRANCH,13,01,32
130100,130133,Ecobank (GH) Ltd,TESANO BRANCH,13,01,33
130100,130134,Ecobank (GH) Ltd,HOSPITAL ROAD BRANCH,13,01,34
130100,130135,Ecobank (GH) Ltd,KASOA BRANCH,13,01,35
130100,130136,Ecobank (GH) Ltd,KANTAMANTO BRANCH,13,01,36
130100,130137,Ecobank (GH) Ltd,MADINA CENTRAL BRANCH,13,01,37
130100,130139,Ecobank (GH) Ltd,SAKUMONO BRANCH,13,01,39
130100,130140,Ecobank (GH) Ltd,HIGH STREET BRANCH,13,01,40
130100,130141,Ecobank (GH) Ltd,KWASHIEMAN BRANCH,13,01,41
130100,130142,Ecobank (GH) Ltd,KISSEIMAN BRANCH,13,01,42
130100,130145,Ecobank (GH) Ltd,ACCION,13,01,45
130100,130146,Ecobank (GH) Ltd,OPPORTUNITY INT. SAVINGS AND LOAN,13,01,46
130100,130147,Ecobank (GH) Ltd,EAST AIRPORT BRANCH,13,01,47
130100,130148,Ecobank (GH) Ltd,KWABENYA BRANCH,13,01,48
130100,130149,Ecobank (GH) Ltd,OKPONGLO BRANCH,13,01,49
130100,130150,Ecobank (GH) Ltd,ASHAIMAN,13,01,50
130100,130151,Ecobank (GH) Ltd,EVANDY HOSTEL BRANCH,13,01,51
130100,130152,Ecobank (GH) Ltd,PENTAGON LEGON BRANCH,13,01,52
130100,130153,Ecobank (GH) Ltd,OKOFO BRANCH,13,01,53
130100,130154,Ecobank (GH) Ltd,ADEHYEMAN SAVINGS & LOAN,13,01,54
130100,130155,Ecobank (GH) Ltd,FIRST NATIONAL SAVINGS & LOANS,13,01,55
130100,130156,Ecobank (GH) Ltd,PROCREDIT SAVINGS & LOANS,13,01,56
130100,130157,Ecobank (GH) Ltd,WOMEN'S WORLD BANKING,13,01,57
130100,130158,Ecobank (GH) Ltd,UNION SAVINGS & LOANS,13,01,58
130100,130159,Ecobank (GH) Ltd,FIRST ALLIED SAVINGS & LOANS,13,01,59
130100,130160,Ecobank (GH) Ltd,BEIGE CAPITAL,13,01,60
130100,130161,Ecobank (GH) Ltd,NBFI-ADVANS GH,13,01,61
130100,130162,Ecobank (GH) Ltd,NEW ABEKA,13,01,62
130100,130163,Ecobank (GH) Ltd,GOLDEN PRIDE S&L,13,01,63
130100,130164,Ecobank (GH) Ltd,PRIVATE BANKING,13,01,64
130100,130201,Ecobank (GH) Ltd,NEW ABIREM,13,02,01
130100,130401,Ecobank (GH) Ltd,TAKORADI,13,04,01
130100,130402,Ecobank (GH) Ltd,TARKWA,13,04,02
130100,130403,Ecobank (GH) Ltd,TAKORADI MARKET CIRCLE,13,04,03
130100,130404,Ecobank (GH) Ltd,ELUBU,13,04,04
130100,130405,Ecobank (GH) Ltd,TAKORADI COLLINS STREET,13,04,05
130100,130501,Ecobank (GH) Ltd,AFLAO,13,05,01
130100,130601,Ecobank (GH) Ltd,KUMASI HARPER ROAD,13,06,01
130100,130602,Ecobank (GH) Ltd,JUBILEE HOUSE,13,06,02
130100,130603,Ecobank (GH) Ltd,KNUST,13,06,03
130100,130604,Ecobank (GH) Ltd,ADUM,13,06,04
130100,130605,Ecobank (GH) Ltd,ABREPO JUNCTION,13,06,05
130100,130606,Ecobank (GH) Ltd,TAFO,13,06,06
130100,130607,Ecobank (GH) Ltd,ASH TOWN,13,06,07
130100,130608,Ecobank (GH) Ltd,KEJETIA,13,06,08
130100,130609,Ecobank (GH) Ltd,ABREPO MAIN,13,06,09
130100,130610,Ecobank (GH) Ltd,BANTAMA,13,06,10
130100,130611,Ecobank (GH) Ltd,STADIUM,13,06,11
130100,130612,Ecobank (GH) Ltd,TANOSO,13,06,12
130100,130613,Ecobank (GH) Ltd,BANTAMA GNTC BRANCH,13,06,13
130100,130614,Ecobank (GH) Ltd,SSNIT HOUSE BRANCH,13,06,14
130100,130615,Ecobank (GH) Ltd,SUAME BRANCH,13,06,15
130100,130616,Ecobank (GH) Ltd,ASHTOWN EAST BRANCH,13,06,16
130100,130701,Ecobank (GH) Ltd,KENYASI AGENCY,13,07,01
130100,130702,Ecobank (GH) Ltd,SUNYANI,13,07,02
130100,130703,Ecobank (GH) Ltd,BUI,13,07,03
130100,130801,Ecobank (GH) Ltd,TAMALE,13,08,01
140100,140100,Cal Bank Ltd,HEAD OFFICE,14,01,00
140100,140101,Cal Bank Ltd,INDEPENDENCE AVENUE,14,01,01
140100,140102,Cal Bank Ltd,TEMA,14,01,02
140100,140103,Cal Bank Ltd,DERBY AVENUE,14,01,03
140100,140104,Cal Bank Ltd,SPINTEX ROAD,14,01,04
140100,140105,Cal Bank Ltd,GRAPHIC ROAD,14,01,05
140100,140106,Cal Bank Ltd,TEMA HARBOUR,14,01,06
140100,140107,Cal Bank Ltd,WEIJA BRANCH,14,01,07
140100,140108,Cal Bank Ltd,CIRCLE BRANCH,14,01,08
140100,140109,Cal Bank Ltd,LEGON,14,01,09
140100,140110,Cal Bank Ltd,RING ROAD CENTRAL,14,01,10
140100,140111,Cal Bank Ltd,ACHIMOTA,14,01,11
140100,140112,Cal Bank Ltd,OSU,14,01,12
140100,140197,Cal Bank Ltd,MIDLAND SAVINGS & LOANS LTD,14,01,97
140100,140198,Cal Bank Ltd,FIRST AFRICAN SAVINGS & LOANS LTD,14,01,98
140100,140199,Cal Bank Ltd,OPPORTUNITY SAVINGS & LOANS,14,01,99
140100,140401,Cal Bank Ltd,TAKORADI,14,04,01
140100,140402,Cal Bank Ltd,TARKWA,14,04,02
140100,140403,Cal Bank Ltd,TAKORADI HARBOUR,14,04,03
140100,140601,Cal Bank Ltd,NHYIEASO,14,06,01
140100,140602,Cal Bank Ltd,SUAME,14,06,02
140100,140603,Cal Bank Ltd,KEJETIA,14,06,03
140100,140604,Cal Bank Ltd,KNUST,14,06,04
140100,140605,Cal Bank Ltd,ASAFO,14,06,05
160100,160101,UT Bank,CASTLE ROAD,16,01,01
160100,160102,UT Bank,MAKOLA,16,01,02
160100,160103,UT Bank,TEMA MAIN,16,01,03
160100,160104,UT Bank,NIMA,16,01,04
160100,160105,UT Bank,ABOSSEY OKAI,16,01,05
160100,160108,UT Bank,HAATSO,16,01,08
160100,160109,UT Bank,SPINTEX,16,01,09
160100,160110,UT Bank,AIRPORT CITY,16,01,10
160100,160111,UT Bank,MADINA,16,01,11
160100,160112,UT Bank,BAATSONAA,16,01,12
160100,160113,UT Bank,ADABRAKA,16,01,13
160100,160114,UT Bank,OSU,16,01,14
160100,160115,UT Bank,ACCRA,16,01,15
160100,160116,UT Bank,KANESHIE,16,01,16
160100,160117,UT Bank,CORPORATE BANKING,16,01,17
160100,160118,UT Bank,BEIGE CAPITAL,16,01,18
160100,160119,UT Bank,ASHAIMAN,16,01,19
160100,160201,UT Bank,KOFORIDUA,16,02,01
160100,160301,UT Bank,CAPE COAST,16,03,01
160100,160401,UT Bank,TAKORADI MARKET CIRCLE,16,04,01
160100,160402,UT Bank,TAKORADI SHIPPERS COUNCIL,16,04,02
160100,160403,UT Bank,TARKWA,16,04,03
160100,160501,UT Bank,HO,16,05,01
160100,160601,UT Bank,ADUM KUMASI,16,06,01
160100,160602,UT Bank,KUMASI STC,16,06,02
160100,160603,UT Bank,OBUASI,16,06,03
160100,160701,UT Bank,SUNYANI MELCOM,16,07,01
170100,170101,First Atlantic Bank,ACCRA,17,01,01
170100,170102,First Atlantic Bank,KANTAMANTO AGENCY,17,01,02
170100,170103,First Atlantic Bank,TEMA,17,01,03
170100,170104,First Atlantic Bank,MAKOLA,17,01,04
170100,170105,First Atlantic Bank,NORTH RIDGE,17,01,05
170100,170107,First Atlantic Bank,SPINTEX BRANCH,17,01,07
170100,170170,First Atlantic Bank,WOMEN'S WORLD BANK GHANA SAVINGS AND LOANS,17,01,70
170100,170601,First Atlantic Bank,KUMASI,17,06,01
170100,170602,First Atlantic Bank,SUAME,17,06,02
180100,180101,Prudential Bank Ltd.,ACCRA,18,01,01
180100,180102,Prudential Bank Ltd.,ABOSSEY OKAI,18,01,02
180100,180103,Prudential Bank Ltd.,GICEL,18,01,03
180100,180104,Prudential Bank Ltd.,TEMA FISHING HABOUR,18,01,04
180100,180105,Prudential Bank Ltd.,MADINA,18,01,05
180100,180107,Prudential Bank Ltd.,MAKOLA,18,01,07
180100,180109,Prudential Bank Ltd.,RING ROAD CENTRAL,18,01,09
180100,180110,Prudential Bank Ltd.,SPINTEX ROAD,18,01,10
180100,180112,Prudential Bank Ltd.,WEIJA,18,01,12
180100,180113,Prudential Bank Ltd.,TESANO,18,01,13
180100,180114,Prudential Bank Ltd.,ZONGO JUNCTION,18,01,14
180100,180115,Prudential Bank Ltd.,ODORKOR,18,01,15
180100,180116,Prudential Bank Ltd.,ABEKA,18,01,16
180100,180117,Prudential Bank Ltd.,NORTH INDUSTRIAL AREA,18,01,17
180100,180118,Prudential Bank Ltd.,ADENTA,18,01,18
180100,180119,Prudential Bank Ltd.,KWAME NKRUMAH CIRCLE,18,01,19
180100,180120,Prudential Bank Ltd.,MATAHEKO,18,01,20
180100,180121,Prudential Bank Ltd.,OKAISHIE,18,01,21
180100,180122,Prudential Bank Ltd.,EAST LEGON BRANCH,18,01,22
180100,180301,Prudential Bank Ltd.,CAPECOAST BRANCH,18,03,01
180100,180302,Prudential Bank Ltd.,UNIV. OF CAPE COAST BRANCH,18,03,02
180100,180401,Prudential Bank Ltd.,TAKORADI HARBOUR,18,04,01
180100,180402,Prudential Bank Ltd.,TAKORADI MARKET CIRCLE,18,04,02
180100,180601,Prudential Bank Ltd.,KUMASI,18,06,01
180100,180602,Prudential Bank Ltd.,ADUM-KUMASI,18,06,02
180100,180603,Prudential Bank Ltd.,AFFUL NKWANTA,18,06,03
180100,180604,Prudential Bank Ltd.,ABOABO,18,06,04
180100,180605,Prudential Bank Ltd.,ATONSU,18,06,05
180100,180606,Prudential Bank Ltd.,SUAME MAAKRO,18,06,06
180100,180701,Prudential Bank Ltd.,TECHIMAN,18,07,01
180100,180801,Prudential Bank Ltd.,TAMALE,18,08,01
190100,190101,Stanbic Bank Ghana Ltd,ACCRA MAIN,19,01,01
190100,190102,Stanbic Bank Ghana Ltd,AIRPORT CITY,19,01,02
190100,190103,Stanbic Bank Ghana Ltd,SPINTEX ROAD,19,01,03
190100,190104,Stanbic Bank Ghana Ltd,ACCRA MALL,19,01,04
190100,190105,Stanbic Bank Ghana Ltd,NORTH INDUSTIAL AREA,19,01,05
190100,190106,Stanbic Bank Ghana Ltd,TEMA INDUSTRIAL AREA,19,01,06
190100,190107,Stanbic Bank Ghana Ltd,GRAPHIC ROAD,19,01,07
190100,190108,Stanbic Bank Ghana Ltd,MAKOLA,19,01,08
190100,190109,Stanbic Bank Ghana Ltd,RIND ROAD,19,01,09
190100,190110,Stanbic Bank Ghana Ltd,ACHIMOTA,19,01,10
190100,190111,Stanbic Bank Ghana Ltd,ROMAN RIDGE,19,01,11
190100,190112,Stanbic Bank Ghana Ltd,KASOA,19,01,12
190100,190113,Stanbic Bank Ghana Ltd,TEMA FISHING HABOUR,19,01,13
190100,190401,Stanbic Bank Ghana Ltd,TAKORADI,19,04,01
190100,190402,Stanbic Bank Ghana Ltd,TARKWA,19,04,02
190100,190501,Stanbic Bank Ghana Ltd,HO,19,05,01
190100,190601,Stanbic Bank Ghana Ltd,HARPER-KUMASI,19,06,01
190100,190605,Stanbic Bank Ghana Ltd,KUMASI,19,06,05
190100,190701,Stanbic Bank Ghana Ltd,SUNYANI,19,07,01
190100,190801,Stanbic Bank Ghana Ltd,TAMALE,19,08,01
190100,190901,Stanbic Bank Ghana Ltd,BOLGATANGA,19,09,01
190100,191001,Stanbic Bank Ghana Ltd,WA,19,10,01
200100,200101,International Commerial,MAKOLA,20,01,01
200100,200102,International Commerial,KASOA,20,01,02
200100,200103,International Commerial,TEMA,20,01,03
200100,200104,International Commerial,KANESHIE,20,01,04
200100,200105,International Commerial,RING ROAD CENTRAL,20,01,05
200100,200106,International Commerial,DANSOMAN,20,01,06
200100,200107,International Commerial,SPINTEX ROAD,20,01,07
200100,200108,International Commerial,SWEDRU,20,01,08
200100,200109,International Commerial,ACHIMOTA,20,01,09
200100,200110,International Commerial,SWANMILL,20,01,10
200100,200111,International Commerial,KORLE-BU,20,01,11
200100,200112,International Commerial,DOME,20,01,12
200100,200113,International Commerial,SANTA MARIA,20,01,13
200100,200401,International Commerial,TAKORADI,20,04,01
200100,200601,International Commerial,ADUM,20,06,01
200100,200602,International Commerial,SUAME,20,06,02
200100,200701,International Commerial,TECHIMAN,20,07,01
210100,210100,Bank of Africa -Ghana Ltd,HEAD OFFICE,21,01,00
210100,210101,Bank of Africa -Ghana Ltd,FARRAR,21,01,01
210100,210102,Bank of Africa -Ghana Ltd,RIDGE,21,01,02
210100,210103,Bank of Africa -Ghana Ltd,MAAMOBI,21,01,03
210100,210104,Bank of Africa -Ghana Ltd,ACCRA CENTRAL,21,01,04
210100,210105,Bank of Africa -Ghana Ltd,NEWTOWN,21,01,05
210100,210106,Bank of Africa -Ghana Ltd,MICHEL CAMP,21,01,06
210100,210111,Bank of Africa -Ghana Ltd,EAST LEGON,21,01,11
210100,210112,Bank of Africa -Ghana Ltd,KWASHIEMAN,21,01,12
210100,210113,Bank of Africa -Ghana Ltd,OSU,21,01,13
210100,210114,Bank of Africa -Ghana Ltd,SPINTEX ROAD,21,01,14
210100,210116,Bank of Africa -Ghana Ltd,TEMA,21,01,16
210100,210117,Bank of Africa -Ghana Ltd,DANSOMAN,21,01,17
210100,210118,Bank of Africa -Ghana Ltd,MADINA,21,01,18
210100,210119,Bank of Africa -Ghana Ltd,ABOSSEY OKAI,21,01,19
210100,210401,Bank of Africa -Ghana Ltd,TAKORADI,21,04,01
210100,210601,Bank of Africa -Ghana Ltd,KUMASI AMAKOM,21,06,01
210100,210602,Bank of Africa -Ghana Ltd,KUMASI -ADUM,21,06,02
210100,210603,Bank of Africa -Ghana Ltd,SOKOBAN,21,06,03
210100,210699,Bank of Africa -Ghana Ltd,MULTICREDIT SAVINGS AND LOANS CO.,21,06,99
210100,210801,Bank of Africa -Ghana Ltd,TAMALE,21,08,01
220100,220101,Unibank Ghana Ltd,ACCRA MAIN,22,01,01
220100,220102,Unibank Ghana Ltd,MAKOLA,22,01,02
220100,220103,Unibank Ghana Ltd,APENKWA,22,01,03
220100,220104,Unibank Ghana Ltd,ASHIAMAN,22,01,04
220100,220105,Unibank Ghana Ltd,KANESHIE,22,01,05
220100,220106,Unibank Ghana Ltd,GIMPA,22,01,06
220100,220108,Unibank Ghana Ltd,SPINTEX ROAD,22,01,08
220100,220109,Unibank Ghana Ltd,OSU,22,01,09
220100,220110,Unibank Ghana Ltd,TEMA,22,01,10
220100,220111,Unibank Ghana Ltd,ACCRA MALL,22,01,11
220100,220118,Unibank Ghana Ltd,KASOA BRANCH,22,01,18
220100,220119,Unibank Ghana Ltd,WTC,22,01,19
220100,220121,Unibank Ghana Ltd,DARKUMAN,22,01,21
220100,220124,Unibank Ghana Ltd,MADINA,22,01,24
220100,220127,Unibank Ghana Ltd,NORTH INDUSTRIAL AREA,22,01,27
220100,220217,Unibank Ghana Ltd,KOFORIDUA BRANCH,22,02,17
220100,220413,Unibank Ghana Ltd,TAKORADI,22,04,13
220100,220607,Unibank Ghana Ltd,KUMASI MAIN,22,06,07
220100,220612,Unibank Ghana Ltd,SUAME,22,06,12
220100,220614,Unibank Ghana Ltd,GOLDEN TULIP KUMASI BRANCH,22,06,14
220100,220615,Unibank Ghana Ltd,ROMAN HILL BRANCH,22,06,15
220100,220625,Unibank Ghana Ltd,KEJETIA,22,06,25
220100,220626,Unibank Ghana Ltd,TAFO BRANCH,22,06,26
220100,220716,Unibank Ghana Ltd,TECHIMAN NORTH BRANCH,22,07,16
220100,220820,Unibank Ghana Ltd,TAMALE BRANCH,22,08,20
220100,220923,Unibank Ghana Ltd,BOLGATANGA,22,09,23
230100,230101,Guaranty Trust (Gh) Ltd.,HEAD OFFICE,23,01,01
230100,230102,Guaranty Trust (Gh) Ltd.,AIRPORT,23,01,02
230100,230103,Guaranty Trust (Gh) Ltd.,TEMA,23,01,03
230100,230104,Guaranty Trust (Gh) Ltd.,OSU,23,01,04
230100,230105,Guaranty Trust (Gh) Ltd.,SPINTEX ROAD,23,01,05
230100,230106,Guaranty Trust (Gh) Ltd.,LABONE,23,01,06
230100,230107,Guaranty Trust (Gh) Ltd.,GRAPHIC ROAD,23,01,07
230100,230108,Guaranty Trust (Gh) Ltd.,ASHIAMAN,23,01,08
230100,230109,Guaranty Trust (Gh) Ltd.,TUDU,23,01,09
230100,230110,Guaranty Trust (Gh) Ltd.,MADINA,23,01,10
230100,230111,Guaranty Trust (Gh) Ltd.,ACHIMOTA,23,01,11
230100,230112,Guaranty Trust (Gh) Ltd.,NIA,23,01,12
230100,230114,Guaranty Trust (Gh) Ltd.,OPERA SQUARE,23,01,14
230100,230115,Guaranty Trust (Gh) Ltd.,LAPAZ,23,01,15
230100,230116,Guaranty Trust (Gh) Ltd.,EAST LEGON,23,01,16
230100,230117,Guaranty Trust (Gh) Ltd.,DOME,23,01,17
230100,230118,Guaranty Trust (Gh) Ltd.,MAKOLA,23,01,18
230100,230119,Guaranty Trust (Gh) Ltd.,RING ROAD BRANCH,23,01,19
230100,230120,Guaranty Trust (Gh) Ltd.,BAATSONA BRANCH,23,01,20
230100,230181,Guaranty Trust (Gh) Ltd.,GLOBAL ACCESS SAVINGS & LOANS CO. LTD,23,01,81
230100,230401,Guaranty Trust (Gh) Ltd.,TAKORADI,23,04,01
230100,230402,Guaranty Trust (Gh) Ltd.,TARKWA,23,04,02
230100,230501,Guaranty Trust (Gh) Ltd.,AFLAO,23,05,01
230100,230601,Guaranty Trust (Gh) Ltd.,KUMASI-LAKE ROAD,23,06,01
230100,230651,Guaranty Trust (Gh) Ltd.,FIRST ALLIED SAVINGS & LOANS LTD,23,06,51
230100,230652,Guaranty Trust (Gh) Ltd.,OPERATIVE CREDIT UNION,23,06,52
230100,230653,Guaranty Trust (Gh) Ltd.,NOBLE DREAM MICROFINANCE LTD,23,06,53
230100,230680,Guaranty Trust (Gh) Ltd.,ADEHYEMAN SAVINGS & LOANS LTD,23,06,80
230100,230701,Guaranty Trust (Gh) Ltd.,TECHIMAN,23,07,01
230100,230801,Guaranty Trust (Gh) Ltd.,TAMALE,23,08,01
240100,240091,Fidelity Bank Ghana Ltd,GOLDEN PRIDE SAVINGS & LOANS,24,00,91
240100,240092,Fidelity Bank Ghana Ltd,SINAPI ABA SAVINGS & LOANS,24,00,92
240100,240093,Fidelity Bank Ghana Ltd,UTRAK SAVINGS AND LOANS,24,00,93
240100,240094,Fidelity Bank Ghana Ltd,FIDELITY BANK ABii NATIONAL SAVINGS AND LOANS LTD,24,00,94
240100,240095,Fidelity Bank Ghana Ltd,BOND SAVINGS AND LOANS,24,00,95
240100,240100,Fidelity Bank Ghana Ltd,HEAD OFFICE,24,01,00
240100,240101,Fidelity Bank Ghana Ltd,RIDGE TOWERS,24,01,01
240100,240102,Fidelity Bank Ghana Ltd,SPINTEX ROAD,24,01,02
240100,240103,Fidelity Bank Ghana Ltd,HIGH STREET,24,01,03
240100,240104,Fidelity Bank Ghana Ltd,OSU,24,01,04
240100,240105,Fidelity Bank Ghana Ltd,ABOSSEY OKAI,24,01,05
240100,240106,Fidelity Bank Ghana Ltd,TEMA SAFE BOND,24,01,06
240100,240107,Fidelity Bank Ghana Ltd,KANTAMANTO,24,01,07
240100,240108,Fidelity Bank Ghana Ltd,TUDU,24,01,08
240100,240109,Fidelity Bank Ghana Ltd,TEMA-COMMUNITY ONE,24,01,09
240100,240110,Fidelity Bank Ghana Ltd,OKAISHIE,24,01,10
240100,240111,Fidelity Bank Ghana Ltd,ACTION CHAPEL,24,01,11
240100,240112,Fidelity Bank Ghana Ltd,A AND C MALL,24,01,12
240100,240113,Fidelity Bank Ghana Ltd,DANSOMAN,24,01,13
240100,240114,Fidelity Bank Ghana Ltd,RING ROAD,24,01,14
240100,240115,Fidelity Bank Ghana Ltd,HAATSO,24,01,15
240100,240117,Fidelity Bank Ghana Ltd,ACCRA CENTRAL POSTBANK,24,01,17
240100,240118,Fidelity Bank Ghana Ltd,ADENTA,24,01,18
240100,240119,Fidelity Bank Ghana Ltd,IPS,24,01,19
240100,240120,Fidelity Bank Ghana Ltd,TRADE FAIR LA,24,01,20
240100,240121,Fidelity Bank Ghana Ltd,TESANO,24,01,21
240100,240122,Fidelity Bank Ghana Ltd,DZORWULU,24,01,22
240100,240123,Fidelity Bank Ghana Ltd,MAMPROBI POSTBANK,24,01,23
240100,240124,Fidelity Bank Ghana Ltd,KWAME NKRUMAH AVENUE,24,01,24
240100,240127,Fidelity Bank Ghana Ltd,NUNGUA,24,01,27
240100,240128,Fidelity Bank Ghana Ltd,ASHAIMAN,24,01,28
240100,240129,Fidelity Bank Ghana Ltd,AIRPORT ACCRA,24,01,29
240100,240191,Fidelity Bank Ghana Ltd,HOHOE,24,01,91
240100,240301,Fidelity Bank Ghana Ltd,ASSIN FOSU,24,03,01
240100,240401,Fidelity Bank Ghana Ltd,TAKORADI MARKET CIRCLE,24,04,01
240100,240402,Fidelity Bank Ghana Ltd,TARKWA,24,04,02
240100,240403,Fidelity Bank Ghana Ltd,TAKORADI POSTBANK,24,04,03
240100,240501,Fidelity Bank Ghana Ltd,HO,24,05,01
240100,240601,Fidelity Bank Ghana Ltd,STADIUM POST,24,06,01
240100,240602,Fidelity Bank Ghana Ltd,KUMASI-ADUM,24,06,02
240100,240603,Fidelity Bank Ghana Ltd,KUMASI-SUAME,24,06,03
240100,240604,Fidelity Bank Ghana Ltd,ATONSU,24,06,04
240100,240605,Fidelity Bank Ghana Ltd,AHODWO,24,06,05
240100,240606,Fidelity Bank Ghana Ltd,KUMASI ADUM POSTBANK,24,06,06
240100,240608,Fidelity Bank Ghana Ltd,SANTASI ROUNDABOUT,24,06,08
240100,240701,Fidelity Bank Ghana Ltd,SUNYANI POSTBANK,24,07,01
240100,240702,Fidelity Bank Ghana Ltd,BEREKUM,24,07,02
240100,240801,Fidelity Bank Ghana Ltd,TAMALE,24,08,01
240100,240901,Fidelity Bank Ghana Ltd,BOLGATANGA POSTBANK,24,09,01
260100,260101,Bank Of Baroda (Gh) Ltd.,HEAD OFFICE,26,01,01
260100,260102,Bank Of Baroda (Gh) Ltd.,TEMA BRANCH,26,01,02
270100,270100,BSIC Ghana Ltd.,HEAD OFFICE,27,01,00
270100,270101,BSIC Ghana Ltd.,ADABRAKA,27,01,01
270100,270102,BSIC Ghana Ltd.,ACCRA CENTRAL,27,01,02
270100,270103,BSIC Ghana Ltd.,SPINTEX,27,01,03
270100,270104,BSIC Ghana Ltd.,NIMA,27,01,04
270100,270105,BSIC Ghana Ltd.,NORTH INDUSTRIAL AREA,27,01,05
270100,270106,BSIC Ghana Ltd.,MADINA,27,01,06
270100,270107,BSIC Ghana Ltd.,TEMA,27,01,07
270100,270108,BSIC Ghana Ltd.,DARKUMAN,27,01,08
270100,270109,BSIC Ghana Ltd.,ACHIMOTA,27,01,09
270100,270401,BSIC Ghana Ltd.,TAKORADI,27,04,01
270100,270601,BSIC Ghana Ltd.,KUMASI,27,06,01
270100,270602,BSIC Ghana Ltd.,KUMASI (ALABAR),27,06,02
270100,270801,BSIC Ghana Ltd.,TAMALE,27,08,01
280100,280100,Access Bank CHG,HEAD OFFICE,28,01,00
280100,280101,Access Bank CHG,EAST CANTONMENTS BRANCH,28,01,01
280100,280102,Access Bank CHG,TEMA MAIN BRANCH,28,01,02
280100,280103,Access Bank CHG,OSU OXFORD BRANCH,28,01,03
280100,280104,Access Bank CHG,LASHIBI BRANCH,28,01,04
280100,280105,Access Bank CHG,OSU WATSON BRANCH,28,01,05
280100,280106,Access Bank CHG,KANTAMANTO BRANCH,28,01,06
280100,280107,Access Bank CHG,KANESHIE BRANCH,28,01,07
280100,280108,Access Bank CHG,CASTLE ROAD BRANCH,28,01,08
280100,280109,Access Bank CHG,MADINA BRANCH,28,01,09
280100,280110,Access Bank CHG,SOUTH INDUSTRIAL BRANCH,28,01,10
280100,280111,Access Bank CHG,NIA BRANCH,28,01,11
280100,280112,Access Bank CHG,RING ROAD CENTRAL BRANCH,28,01,12
280100,280113,Access Bank CHG,KANESHIE POST OFFICE BRANCH,28,01,13
280100,280114,Access Bank CHG,ABEKA LAPAZ BRANCH,28,01,14
280100,280115,Access Bank CHG,OKAISHIE BRANCH,28,01,15
280100,280116,Access Bank CHG,ASHAIMAN BRANCH,28,01,16
280100,280117,Access Bank CHG,IPS BRANCH,28,01,17
280100,280118,Access Bank CHG,ACHIMOTA BRANCH,28,01,18
280100,280120,Access Bank CHG,NIMA BRANCH,28,01,20
280100,280121,Access Bank CHG,TIA BRANCH,28,01,21
280100,280122,Access Bank CHG,AIRPORT BRANCH,28,01,22
280100,280198,Access Bank CHG,FASL,28,01,98
280100,280401,Access Bank CHG,TARKWA BRANCH,28,04,01
280100,280402,Access Bank CHG,TAKORADI BRANCH,28,04,02
280100,280403,Access Bank CHG,SEFWI BRANCH,28,04,03
280100,280404,Access Bank CHG,ENCHI BRANCH,28,04,04
280100,280601,Access Bank CHG,KUMASI ASAFO BRANCH,28,06,01
280100,280602,Access Bank CHG,ADUM BRANCH,28,06,02
280100,280603,Access Bank CHG,SUAME BRANCH,28,06,03
280100,280604,Access Bank CHG,AMAKOM BRANCH,28,06,04
280100,280701,Access Bank CHG,TECHIMAN BRANCH,28,07,01
280100,280801,Access Bank CHG,TAMALE BRANCH,28,08,01
290100,290101,Energy Bank CHG,Head Office,29,01,01
300100,300101,The Royal Bank CHG,Castle Road,30,01,01
300100,300102,The Royal Bank CHG,PRIVATE BANKING,30,01,02
300100,300103,The Royal Bank CHG,TEMA,30,01,03
300100,300104,The Royal Bank CHG,GRAPHIC ROAD,30,01,04
300100,300105,The Royal Bank CHG,ACCRA CENTRAL,30,01,05
300100,300106,The Royal Bank CHG,ARENA,30,01,06
300100,300107,The Royal Bank CHG,ACHIMOTA,30,01,07
300100,300108,The Royal Bank CHG,MAAMOBI,30,01,08
300100,300109,The Royal Bank CHG,NORTH INDUSTRIAL AREA,30,01,09
300100,300110,The Royal Bank CHG,SPINTEX,30,01,10
300100,300114,The Royal Bank CHG,SOUTH LEGON,30,01,14
300100,300411,The Royal Bank CHG,SEFWI,30,04,11
300100,300612,The Royal Bank CHG,ASHTOWN,30,06,12
310100,310101,First Capital Plus,TESANO,31,01,01
310100,310102,First Capital Plus,KASOA,31,01,02
310100,310103,First Capital Plus,MAKOLA,31,01,03
310100,310104,First Capital Plus,NEW TOWN,31,01,04
310100,310105,First Capital Plus,ASHIAMAN,31,01,05
310100,310107,First Capital Plus,DANSOMAN,31,01,07
310100,310108,First Capital Plus,OSU,31,01,08
310100,310110,First Capital Plus,SPINTEX,31,01,10
310100,310113,First Capital Plus,TEMA,31,01,13
310100,310114,First Capital Plus,CUC MIOTSO,31,01,14
310100,310115,First Capital Plus,ABOSSEY OKAI,31,01,15
310100,310116,First Capital Plus,FOREIGN,31,01,16
310100,310117,First Capital Plus,HEAD OFFICE,31,01,17
310100,310212,First Capital Plus,KOFORIDUA,31,02,12
310100,310311,First Capital Plus,CAPE COAST,31,03,11
310100,310409,First Capital Plus,TAKORADI,31,04,09
310100,310606,First Capital Plus,KUMASI,31,06,06
